,Model File,AMP %,AMP Count,Total Peptides,Threshold Used
Model 5,new_model_P3_N1.h5,84.7,2541,3000,0.36742377281188965
Model 4,new_model_P2_N2.h5,67.3,2019,3000,0.8103358745574951
Model 6,new_model_P3_N2.h5,67.2,2016,3000,0.7637473940849304
Model 3,new_model_P2_N1.h5,66.13333333333334,1984,3000,0.8674263954162598
Model 2,new_model_P1_N2.h5,61.6,1848,3000,0.7175973653793335
Model 1,new_model_P1_N1.h5,57.233333333333334,1717,3000,0.8764217495918274
